[
	{
		"query" : "select * from pg_stat_activity",
		"name" : "Stat Activity",
		"type" : "metric",
		"database" : "postgres",
		"provider" : "Postgres"
	},
	{
		"query" : "select * from pg_user",
		"name" : "User",
		"type" : "metric",
		"database" : "postgres",
		"provider" : "Postgres"
	},
	{
		"query" : "select datname, pg_size_pretty(pg_database_size(datname)) from pg_database",
		"name" : "Table Sizes",
		"type" : "metric",
		"database" : "postgres",
		"provider" : "Postgres"
	},
	{
		"query" : "select datname, pg_size_pretty(pg_database_size(datname)) from pg_database",
		"name" : "Archive",
		"type" : "metric",
		"database" : "postgres",
		"provider" : "Postgres"
	},
  {
    "query" : "SELECT CAST(COUNT(*) AS INT) AS file_count, CAST(COALESCE(SUM(CAST(archive_file ~ $r$\\.ready$$r$ as INT)), 0) AS INT) AS ready_count, CAST(COALESCE(SUM(CAST(archive_file ~ $r$\\.done$$r$ AS INT)),0) AS INT) AS done_count FROM pg_catalog.pg_ls_archive_statusdir() AS archive_files (archive_file);",
    "name" : "Archive Files",
		"type" : "metric",
		"database" : "postgres",
		"provider" : "Postgres"
	}
]
